create table building (
    id bigint generated by default as identity,
    address_building_name varchar(255),
    address_city varchar(255),
    address_street varchar(255),
    address_zipcode varchar(255),
    basement_floor integer,
    ground_floor integer,
    primary key (id)
);
alter table building
    add constraint UIX_BUILDING_ADDRESS unique (address_zipcode, address_street, address_city, address_building_name);


create table contact (
    id bigint generated by default as identity,
    company varchar(255),
    mobile varchar(255),
    name varchar(255),
    primary key (id)
);
alter table contact
    add constraint UIX_CONTACT_NAME_MOBILE unique (name, mobile);


create table building_contact (
    building_id bigint not null,
    contact_id bigint not null,
    director varchar(255),
    primary key (building_id, contact_id)
);
alter table building_contact
    add constraint FK_CONTACT_ID
    foreign key (contact_id)
    references contact;
alter table building_contact
    add constraint FK_BUILDING_ID
    foreign key (building_id)
    references building;


create table office (
    id bigint generated by default as identity,
    building_id bigint not null,
    item_deal varchar(255),
    item_type varchar(255),
    target_floor_from integer,
    target_floor_note varchar(255),
    target_floor_to integer,
    primary key (id)
);

create table proposal (
    id bigint generated by default as identity,
    contact_id bigint not null,
    item_deal varchar(255),
    item_type varchar(255),
    target_area_from integer,
    target_area_to integer,
    primary key (id)
);

create table consulting (
    proposal_id bigint not null,
    office_id bigint not null,
    primary key (office_id, proposal_id)
);

alter table consulting add constraint FK_OFFICE_ID foreign key (office_id) references office;
alter table consulting add constraint FK_PROPOSAL_ID foreign key (proposal_id) references proposal;


insert into building(id, address_building_name, address_city, address_street, address_zipcode, basement_floor, ground_floor) values(1, '국회도서관', '서울시', '서울특별시 영등포구 의사당대로 1', '12345', 5, 1);
insert into building(id, address_building_name, address_city, address_street, address_zipcode, basement_floor, ground_floor) values(2, '카카오 스페이스닷원', '서울시', '제주특별자치도 제주시 첨단로 242', '63309', 3, 0);

insert into contact(id, company, mobile, name) values(1, 'google', '010-1234-5678', '구글');
insert into contact(id, company, mobile, name) values(2, 'facebook', '010-2345-6789', '페이스북');
insert into contact(id, company, mobile, name) values(3, 'twitter', '010-3456-7890', '트위터');
insert into contact(id, company, mobile, name) values(4, 'daum', '010-4567-8901', '다음');


insert into building_contact(building_id, contact_id, director) values(1, 1, '건물주');
insert into building_contact(building_id, contact_id, director) values(1, 2, '임대인');
insert into building_contact(building_id, contact_id, director) values(2, 3, '건물주');

insert into office (id, building_id, item_deal, item_type, target_floor_from, target_floor_to, target_floor_note) values(1, 1, '임대', '사무실', 1,  null, '전체');
insert into office (id, building_id, item_deal, item_type, target_floor_from, target_floor_to, target_floor_note) values(2, 1, '임대', '사무실', 2,  null, '전체');
insert into office (id, building_id, item_deal, item_type, target_floor_from, target_floor_to, target_floor_note) values(3, 1, '임대', '사무실', 3,  null, '전체');

insert into proposal(id, contact_id, item_type, item_deal, target_area_from, target_area_to) values(1, 1, '사무실', '임대', 100, 110);
insert into proposal(id, contact_id, item_type, item_deal, target_area_from, target_area_to) values(2, 2, '사무실', '임대', 110, 120);
insert into proposal(id, contact_id, item_type, item_deal, target_area_from, target_area_to) values(3, 3, '사무실', '임대', 120, 130);


insert into consulting(proposal_id, office_id) values(1, 1);
insert into consulting(proposal_id, office_id) values(1, 2);
insert into consulting(proposal_id, office_id) values(1, 3);